24688	Pitch Black	Jul 16, 2026
24655	Chaos Rising	May 21, 2026
24587	Perfect Order	Mar 26, 2026
24541	Ascended Heroes	Jan 29, 2026
24448	Phantasmal Flames	Nov 13, 2025
24380	Mega Evolution	Sep 25, 2025
24451	Mega Evolution Promos	Sep 25, 2025
24326	White Flare	Jul 17, 2025
24325	Black Bolt	Jul 17, 2025
24269	Destined Rivals	May 29, 2025
24073	Journey Together	Mar 27, 2025
24163	McDonald's Promos 2024	Aug 12, 2024
23821	Prismatic Evolutions	Jan 16, 2025
23651	Surging Sparks	Nov 7, 2024
23537	Stellar Crown	Sep 12, 2024
23561	Trick or Trade BOOster Bundle 2024	Aug 31, 2024
23529	Shrouded Fable	Aug 1, 2024
23473	Twilight Masquerade	May 23, 2024
23381	Temporal Forces	Mar 21, 2024
23353	Paldean Fates	Jan 25, 2024
23286	Paradox Rift	Nov 2, 2023
23237	SV: 151	Sep 21, 2023
23266	Trick or Trade BOOster Bundle 2023	Aug 31, 2023
23306	McDonald's Promos 2023	Aug 7, 2023
23228	Obsidian Flames	Aug 10, 2023
23120	Paldea Evolved	Jun 8, 2023
22872	Scarlet & Violet Promo	Dec 31, 2022
22873	Scarlet & Violet Base Set	Mar 30, 2023
17689	Crown Zenith: Galarian Gallery	Jan 19, 2023
17688	Crown Zenith	Jan 19, 2023
17674	Silver Tempest Trainer Gallery	Nov 10, 2022
3170	Silver Tempest	Nov 10, 2022
3179	Trick or Trade BOOster Bundle	Aug 31, 2022
3172	Lost Origin Trainer Gallery	Sep 8, 2022
3118	Lost Origin	Sep 8, 2022
3150	McDonald's Promos 2022	Aug 8, 2022
3064	Pokemon Go	Jun 30, 2022
3068	Astral Radiance Trainer Gallery	May 26, 2022
3040	Astral Radiance	May 26, 2022
3020	Brilliant Stars Trainer Gallery	Feb 24, 2022
2948	Brilliant Stars	Feb 24, 2022
2906	Fusion Strike	Nov 11, 2021
2931	Celebrations: Classic Collection	Oct 7, 2021
2867	Celebrations	Oct 7, 2021
2848	Evolving Skies	Aug 26, 2021
2807	Chilling Reign	Jun 17, 2021
2765	Battle Styles	Mar 18, 2021
2781	Shining Fates: Shiny Vault	Feb 18, 2021
2754	Shining Fates	Feb 18, 2021
2782	McDonald's 25th Anniversary Promos	Feb 8, 2021
2701	Vivid Voltage	Nov 12, 2020
2685	Champion's Path	Sep 24, 2020
2675	Darkness Ablaze	Aug 13, 2020
2626	Rebel Clash	Apr 30, 2020
2545	Sword & Shield Promo	Nov 14, 2019
2585	Sword & Shield Base Set	Feb 6, 2020
2534	Cosmic Eclipse	Oct 31, 2019
2555	McDonald's Promos 2019	Sep 30, 2019
2594	Hidden Fates: Shiny Vault	Aug 22, 2019
2480	Hidden Fates	Aug 22, 2019
2464	Unified Minds	Aug 1, 2019
2420	Unbroken Bonds	May 2, 2019
2409	Detective Pikachu	Mar 28, 2019
2377	Team Up	Jan 31, 2019
2328	Lost Thunder	Nov 1, 2018
2364	McDonald's Promos 2018	Oct 8, 2018
2295	Dragon Majesty	Sep 6, 2018
2278	Celestial Storm	Aug 2, 2018
2209	Forbidden Light	May 3, 2018
2178	Ultra Prism	Feb 1, 2018
2071	Crimson Invasion	Nov 2, 2017
2054	Shining Legends	Oct 5, 2017
1957	Burning Shadows	Aug 4, 2017
2148	McDonald's Promos 2017	Aug 3, 2017
1919	Guardians Rising	May 4, 2017
1861	Sun & Moon Promo	Feb 2, 2017
1863	Sun & Moon Base Set	Feb 2, 2017
1842	Evolutions	Nov 1, 2016
1815	Steam Siege	Aug 2, 2016
1780	Fates Collide	May 1, 2016
3087	McDonald's Promos 2016	Jul 31, 2016
1729	Generations: Radiant Collection	Feb 21, 2016
1728	Generations	Feb 21, 2016
1701	BREAKpoint	Feb 2, 2016
1694	McDonald's Promos 2015	May 28, 2015
1661	BREAKthrough	Nov 3, 2015
1576	Ancient Origins	Aug 11, 2015
1534	Roaring Skies	May 5, 2015
1525	Double Crisis	Mar 24, 2015
1509	Primal Clash	Feb 3, 2015
1494	Phantom Forces	Nov 4, 2014
1481	Furious Fists	Aug 12, 2014
1692	McDonald's Promos 2014	May 22, 2014
1464	Flashfire	May 6, 2014
1522	Kalos Starter Set	Nov 4, 2014
1451	XY Promos	Feb 4, 2014
1387	XY Base Set	Feb 4, 2014
1465	Legendary Treasures: Radiant Collections	Nov 5, 2013
1409	Legendary Treasures	Nov 5, 2013
1370	Plasma Blast	Aug 13, 2013
1382	Plasma Freeze	May 7, 2013
1413	Plasma Storm	Feb 5, 2013
1408	Boundaries Crossed	Nov 6, 2012
1426	Dragon Vault	Oct 4, 2012
1394	Dragons Exalted	Aug 14, 2012
1386	Dark Explorers	Feb 7, 2012
1412	Next Destinies	Feb 7, 2012
1385	Noble Victories	Nov 15, 2011
1424	Emerging Powers	Aug 30, 2011
1400	Black and White	Apr 24, 2011
1427	McDonald's Promos 2012	Jun 14, 2012
1401	McDonald's Promos 2011	Jun 16, 2011
1407	Black and White Promos	Apr 24, 2011
1415	Call of Legends	Feb 8, 2011
1381	Triumphant	Nov 2, 2010
1403	Undaunted	Aug 17, 2010
1399	Unleashed	May 11, 2010
1402	HeartGold SoulSilver	Feb 9, 2010
1453	HGSS Promos	Jan 31, 2010
1433	Rumble	Nov 30, 2009
1391	Platinum Arceus	Nov 3, 2009
1384	Supreme Victors	Aug 18, 2009
1367	Rising Rivals	May 15, 2009
1406	Platinum	Feb 10, 2009
1446	POP Series 9	Feb 28, 2009
1450	POP Series 8	Aug 31, 2008
1414	POP Series 7	Feb 29, 2008
1432	POP Series 6	Aug 31, 2007
1439	POP Series 5	Aug 31, 2006
1452	POP Series 4	Jul 31, 2006
1442	POP Series 3	Mar 31, 2006
1447	POP Series 2	Jul 31, 2005
1422	POP Series 1	Aug 31, 2004
1368	Mysterious Treasures	Jul 31, 2007
1369	Stormfront	Nov 4, 2008
1417	Legends Awakened	Aug 19, 2008
1390	Majestic Dawn	May 20, 2008
1380	Secret Wonders	Nov 6, 2007
1405	Great Encounters	Feb 12, 2008
1421	Diamond and Pearl Promos	Apr 30, 2007
1430	Diamond and Pearl	Apr 30, 2007
1383	EX Power Keepers	Feb 13, 2007
1411	EX Dragon Frontiers	Nov 7, 2006
1395	EX Crystal Guardians	Aug 29, 2006
1379	EX Holon Phantoms	May 2, 2006
1378	EX Legend Maker	Feb 12, 2006
1429	EX Delta Species	Oct 30, 2005
1398	EX Unseen Forces	Aug 21, 2005
1410	EX Emerald	May 8, 2005
1404	EX Deoxys	Feb 13, 2005
1428	EX Team Rocket Returns	Nov 16, 2004
1419	EX FireRed & LeafGreen	Sep 8, 2004
1416	EX Hidden Legends	Jun 23, 2004
1377	EX Team Magma vs Team Aqua	Mar 14, 2004
1376	EX Dragon	Sep 17, 2003
1392	EX Sandstorm	Sep 17, 2003
1393	EX Ruby & Sapphire	Jun 30, 2003
1372	Skyridge	May 11, 2003
1397	Aquapolis	Jan 14, 2003
1375	Expedition	Sep 14, 2002
1374	Legendary Collection	May 23, 2002
1444	Neo Destiny	Feb 27, 2002
1389	Neo Revelation	Sep 20, 2001
648	Southern Islands	Jul 30, 2001
1434	Neo Discovery	May 31, 2001
1396	Neo Genesis	Dec 15, 2000
1440	Gym Challenge	Oct 15, 2000
1441	Gym Heroes	Aug 13, 2000
1373	Team Rocket	Apr 23, 2000
605	Base Set 2	Feb 23, 2000
630	Fossil	Oct 9, 1999
635	Jungle	Jun 15, 1999
604	Base Set (Unlimited)	Jan 8, 1999
1663	Base Set (1st Edition & Shadowless)	Jan 8, 1999
1418	WoTC Promo	Jun 30, 1999
