group_id,name_en,name_fr,source
604,"Base Set","Set de Base",pokepedia
1663,"Base Set (Shadowless)","Set de Base",bulbapedia
635,Jungle,Jungle,pokepedia
1418,"WoTC Promo","Promos WoTC",derived
630,Fossil,Fossile,pokepedia
605,"Base Set 2","Base Set 2",pokepedia
1373,"Team Rocket","Team Rocket",pokepedia
1441,"Gym Heroes","Gym Heroes",derived
1440,"Gym Challenge","Gym Challenge",pokepedia
1396,"Neo Genesis","Neo Genesis",pokepedia
1434,"Neo Discovery","Neo Discovery",pokepedia
648,"Southern Islands","Southern Islands",pokepedia
1389,"Neo Revelation","Neo Revelation",pokepedia
1444,"Neo Destiny","Neo Destiny",pokepedia
1374,"Legendary Collection","Legendary Collection",pokepedia
24493,"e-Reader Sample Cards","Cartes d'exemple e-Reader",derived
1375,Expedition,"Expedition Édition de Base",bulbapedia
1455,"Best of Promos","Promos Best of",derived
1397,Aquapolis,Aquapolis,pokepedia
1372,Skyridge,Skyridge,pokepedia
1393,"EX Ruby and Sapphire","EX Rubis & Saphir",pokepedia
1392,"EX Sandstorm","EX Tempête de sable",pokepedia
1376,"EX Dragon","EX Dragon",pokepedia
1377,"EX Team Magma vs Team Aqua","EX Team Magma VS Team Aqua",pokepedia
1416,"EX Hidden Legends","EX Légendes Oubliées",pokepedia
2214,"Kids WB Promos","Promos Kids WB",derived
1419,"EX FireRed & LeafGreen","EX Rouge Feu & Vert Feuille",pokepedia
1853,"EX Battle Stadium","Stade de Combat",bulbapedia
1428,"EX Team Rocket Returns","EX Team Rocket Returns",pokepedia
1404,"EX Deoxys","EX Deoxys",pokepedia
1410,"EX Emerald","EX Émeraude",pokepedia
1398,"EX Unseen Forces","EX Forces Cachées",pokepedia
1429,"EX Delta Species","EX Espèces Delta",pokepedia
1378,"EX Legend Maker","EX Créateurs de légendes",pokepedia
1379,"EX Holon Phantoms","EX Fantômes Holon",pokepedia
1395,"EX Crystal Guardians","EX Gardiens de Cristal",pokepedia
1411,"EX Dragon Frontiers","EX Île des Dragons",pokepedia
1383,"EX Power Keepers","EX Gardiens du Pouvoir",pokepedia
1421,"Diamond and Pearl Promos","Promos Diamant & Perle",derived
1430,"Diamond and Pearl","Diamant & Perle",pokepedia
1368,"Mysterious Treasures","Trésors Mystérieux",bulbapedia
1541,"DP Trainer Kit: Manaphy & Lucario","Kit du Dresseur DP : Manaphy et Lucario",derived
609,"DP Training Kit 1 Blue","Kit d'entraînement DP 1 Bleu",derived
610,"DP Training Kit 1 Gold","Kit d'entraînement DP 1 Or",derived
1380,"Secret Wonders","Merveilles Secrètes",bulbapedia
1405,"Great Encounters","Duels au Sommet",bulbapedia
1390,"Majestic Dawn","Aube Majestueuse",bulbapedia
1417,"Legends Awakened","Éveil des Légendes",bulbapedia
2155,"Countdown Calendar Promos","Promos Calendrier de l'Avent",derived
1369,Stormfront,Tempête,bulbapedia
1406,Platinum,Platine,pokepedia
1367,"Rising Rivals","Rivaux Émergeants",bulbapedia
1384,"Supreme Victors","Vainqueurs Suprêmes",bulbapedia
1391,Arceus,Arceus,derived
1433,Rumble,Rumble,derived
1453,"HGSS Promos","Promos HGSS",derived
1402,"HeartGold SoulSilver","HeartGold & SoulSilver",bulbapedia
1540,"HGSS Trainer Kit: Gyarados & Raichu","Kit du Dresseur HGSS : Léviator et Raichu",derived
1399,Unleashed,Déchaînement,bulbapedia
1403,Undaunted,Indomptable,bulbapedia
1381,Triumphant,Triomphe,bulbapedia
1415,"Call of Legends","L'Appel des Légendes",pokepedia
1400,"Black and White","Noir & Blanc",pokepedia
1407,"Black and White Promos","Promos Noir & Blanc",derived
1401,"McDonald's Promos 2011","Promos McDonald's 2011",derived
1424,"Emerging Powers","Pouvoirs Émergents",bulbapedia
1538,"BW Trainer Kit: Excadrill & Zoroark","Kit du Dresseur BW : Minotaupe et Zoroark",derived
1385,"Noble Victories","Nobles Victoires",bulbapedia
1412,"Next Destinies","Destinées Futures",bulbapedia
1386,"Dark Explorers","Explorateurs Obscurs",bulbapedia
1427,"McDonald's Promos 2012","Promos McDonald's 2012",derived
1394,"Dragons Exalted","Dragons Exaltés",bulbapedia
1426,"Dragon Vault","Coffre des Dragons",pokepedia
1408,"Boundaries Crossed","Frontières Franchies",bulbapedia
1413,"Plasma Storm","Tempête Plasma",bulbapedia
1382,"Plasma Freeze","Glaciation Plasma",bulbapedia
1370,"Plasma Blast","Explosion Plasma",bulbapedia
1409,"Legendary Treasures","Trésors Légendaires",bulbapedia
1465,"Legendary Treasures: Radiant Collection","Trésors Légendaires : Collection Radieuse",derived
1522,"Kalos Starter Set","Bienvenue à Kalos",pokepedia
1451,"XY Promos","Promos XY",derived
1387,"XY Base Set","Set de Base XY",derived
1532,"XY Trainer Kit: Sylveon & Noivern","Kit du Dresseur XY : Nymphali et Bruyverne",derived
1464,"XY - Flashfire",Étincelles,pokepedia
1692,"McDonald's Promos 2014","Promos McDonald's 2014",derived
1481,"XY - Furious Fists","Poings Furieux",pokepedia
1494,"XY - Phantom Forces","Vigueur Spectrale",pokepedia
1533,"XY Trainer Kit: Bisharp & Wigglytuff","XY Kit du Dresseur: Scalproie et Grodoudou",pokepedia
1509,"XY - Primal Clash",Primo-Choc,pokepedia
1525,"Double Crisis","Double Danger",pokepedia
1528,"Jumbo Cards","Cartes Jumbo",derived
1536,"XY Trainer Kit: Latias & Latios","Kit du Dresseur XY : Latias et Latios",derived
1534,"XY - Roaring Skies","Ciel Rugissant",pokepedia
1576,"XY - Ancient Origins","Origines Antiques",pokepedia
1661,"XY - BREAKthrough","Impulsion TURBO",pokepedia
1694,"McDonald's Promos 2015","Promos McDonald's 2015",derived
1701,"XY - BREAKpoint","Rupture TURBO",pokepedia
1728,Generations,Générations,pokepedia
1729,"Generations: Radiant Collection","Générations : Collection Radieuse",derived
1796,"XY Trainer Kit: Pikachu Libre & Suicune","XY Kit du Dresseur: Pikachu Catcheur et Suicune",pokepedia
1780,"XY - Fates Collide","Impact des Destins",pokepedia
1539,"League & Championship Cards","Cartes de Ligue et de Championnat",derived
1815,"XY - Steam Siege","Offensive Vapeur",pokepedia
3087,"McDonald's Promos 2016","Promos McDonald's 2016",derived
1840,"Deck Exclusives","Exclusivités de Deck",derived
1842,"XY - Evolutions",Évolutions,pokepedia
1861,"SM Promos","Promos SM",derived
1863,"SM Base Set","Set de Base SM",derived
23095,"Ash vs Team Rocket Deck Kit (JP Exclusive)","Kit de Decks Sacha contre la Team Rocket (exclusivité JP)",derived
2069,"SM Trainer Kit: Lycanroc & Alolan Raichu","Kit du Dresseur SM : Lougaroc et Raichu d'Alola",derived
1919,"SM - Guardians Rising","Gardiens Ascendants",pokepedia
1957,"SM - Burning Shadows","Ombres Ardentes",pokepedia
2054,"Shining Legends","Légendes Brillantes",pokepedia
2071,"SM - Crimson Invasion","Invasion Carmin",pokepedia
2148,"McDonald's Promos 2017","Promos McDonald's 2017",derived
2178,"SM - Ultra Prism",Ultra-Prisme,pokepedia
2208,"SM Trainer Kit: Alolan Sandslash & Alolan Ninetales","Kit du Dresseur SM : Sablaireau d'Alola et Feunard d'Alola",derived
2209,"SM - Forbidden Light","Lumière Interdite",pokepedia
2282,"World Championship Decks","Decks des Championnats du Monde",derived
2278,"SM - Celestial Storm","Tempête Céleste",pokepedia
2295,"Dragon Majesty","Majesté des Dragons",pokepedia
2328,"SM - Lost Thunder","Tonnerre Perdu",pokepedia
2364,"McDonald's Promos 2018","Promos McDonald's 2018",derived
2377,"SM - Team Up","Duo de Choc",pokepedia
2409,"Detective Pikachu","Détective Pikachu",pokepedia
2420,"SM - Unbroken Bonds","Alliance Infaillible",pokepedia
2464,"SM - Unified Minds","Harmonie des Esprits",pokepedia
2480,"Hidden Fates","Destinées Occultes",pokepedia
2594,"Hidden Fates: Shiny Vault","Destinées Occultes : Chambre Chromatique",derived
2555,"McDonald's Promos 2019","Promos McDonald's 2019",derived
2534,"SM - Cosmic Eclipse","Éclipse Cosmique",pokepedia
2545,"SWSH: Sword & Shield Promo Cards","Cartes promo Épée et Bouclier",derived
2585,"SWSH01: Sword & Shield Base Set","Set de Base Épée et Bouclier",derived
2626,"SWSH02: Rebel Clash","Clash des Rebelles",pokepedia
2686,"Battle Academy","Académie de Combat",derived
2675,"SWSH03: Darkness Ablaze","Ténèbres Embrasées",pokepedia
2685,"Champion's Path","La Voie du Maître",pokepedia
2701,"SWSH04: Vivid Voltage","Voltage Éclatant",pokepedia
2782,"McDonald's 25th Anniversary Promos","Promos McDonald's 25e anniversaire",derived
2754,"Shining Fates","Destinées Radieuses",pokepedia
2781,"Shining Fates: Shiny Vault","Destinées Radieuses : Chambre Chromatique",derived
2765,"SWSH05: Battle Styles","Styles de Combat",pokepedia
2807,"SWSH06: Chilling Reign","Règne de Glace",pokepedia
2848,"SWSH07: Evolving Skies","Évolution Céleste",pokepedia
2867,Celebrations,Célébrations,pokepedia
2931,"Celebrations: Classic Collection","Célébrations : Collection Classique",derived
2906,"SWSH08: Fusion Strike","Poing de Fusion",pokepedia
2948,"SWSH09: Brilliant Stars","Stars Étincelantes",pokepedia
3020,"SWSH09: Brilliant Stars Trainer Gallery","Stars Étincelantes – Galerie des Dresseurs",derived
3051,"Battle Academy 2022","Académie de Combat 2022",derived
3040,"SWSH10: Astral Radiance","Astres Radieux",pokepedia
3068,"SWSH10: Astral Radiance Trainer Gallery","Astres Radieux – Galerie des Dresseurs",derived
3064,"Pokemon GO","Pokémon GO",pokepedia
3150,"McDonald's Promos 2022","Promos McDonald's 2022",derived
3179,"Trick or Trade BOOster Bundle","Lot de boosters Trick or Trade",derived
3118,"SWSH11: Lost Origin","Origine Perdue",pokepedia
3172,"SWSH11: Lost Origin Trainer Gallery","Origine Perdue – Galerie des Dresseurs",derived
3170,"SWSH12: Silver Tempest","Tempête Argentée",pokepedia
17674,"SWSH12: Silver Tempest Trainer Gallery","Tempête Argentée – Galerie des Dresseurs",derived
22880,"Prize Pack Series Cards","Cartes des Packs de Récompense",derived
17688,"SWSH: Crown Zenith","Zénith Suprême",pokepedia
17689,"SWSH: Crown Zenith: Galarian Gallery","Zénith Suprême : Galerie de Galar",derived
22872,"SV: Scarlet & Violet Promo Cards","Cartes promo Écarlate et Violet",derived
22873,"SV01: Scarlet & Violet Base Set","Set de Base Écarlate et Violet",derived
24382,"SVE: Scarlet & Violet Energies","Énergies Écarlate et Violet",derived
23120,"SV02: Paldea Evolved","Évolutions à Paldea",pokepedia
23228,"SV03: Obsidian Flames","Flammes Obsidiennes",pokepedia
23266,"Trick or Trade BOOster Bundle 2023","Lot de boosters Trick or Trade 2023",derived
23306,"McDonald's Promos 2023","Promos McDonald's 2023",derived
23237,"SV: Scarlet & Violet 151",151,bulbapedia
23330,"My First Battle","Mon premier combat",pokepedia
23286,"SV04: Paradox Rift","Faille Paradoxe",pokepedia
23323,"Trading Card Game Classic","Jeu de Cartes à Collectionner Classic",derived
23353,"SV: Paldean Fates","Destinées de Paldea",pokepedia
23381,"SV05: Temporal Forces","Forces Temporelles",pokepedia
23473,"SV06: Twilight Masquerade","Mascarade Crépusculaire",pokepedia
23520,"Battle Academy 2024","Académie de Combat 2024",derived
23529,"SV: Shrouded Fable","Fable Nébuleuse",pokepedia
23561,"Trick or Trade BOOster Bundle 2024","Lot de boosters Trick or Trade 2024",derived
23537,"SV07: Stellar Crown","Couronne Stellaire",pokepedia
23651,"SV08: Surging Sparks","Étincelles Déferlantes",pokepedia
23821,"SV: Prismatic Evolutions","Évolutions Prismatiques",pokepedia
24163,"McDonald's Promos 2024","Promos McDonald's 2024",derived
24073,"SV09: Journey Together","Aventures Ensemble",pokepedia
24269,"SV10: Destined Rivals","Rivalités Destinées",pokepedia
24325,"SV: Black Bolt","Foudre Noire",pokepedia
24326,"SV: White Flare","Flamme Blanche",pokepedia
24451,"ME: Mega Evolution Promo","Promos Méga-Évolution",derived
24380,"ME01: Mega Evolution",Méga-Évolution,pokepedia
24461,"MEE: Mega Evolution Energies","Énergies Méga-Évolution",derived
24448,"ME02: Phantasmal Flames","Flammes Fantasmagoriques",pokepedia
24529,"Player Placement Trainer Promos","Promos Placement des Joueurs",derived
24541,"ME: Ascended Heroes","Héros Transcendants",pokepedia
24587,"ME03: Perfect Order","Équilibre Parfait",pokepedia
24584,"First Partner Collection 2026","Collection Premier Partenaire 2026",derived
24655,"ME04: Chaos Rising","Chaos Ascendant",pokepedia
24688,"ME05: Pitch Black","Nuit Noire",pokepedia
1543,"EX Trainer Kit 1: Latias & Latios","Kit du Dresseur EX 1 : Latias et Latios",derived
1542,"EX Trainer Kit 2: Plusle & Minun","Kit du Dresseur EX 2 : Posipi et Négapi",derived
1423,"Nintendo Promos","Promos Nintendo",derived
1422,"POP Series 1","POP Série 1",override
1447,"POP Series 2","POP Série 2",override
1442,"POP Series 3","POP Série 3",override
1452,"POP Series 4","POP Série 4",override
1439,"POP Series 5","POP Série 5",override
1432,"POP Series 6","POP Série 6",override
1414,"POP Series 7","POP Série 7",override
1450,"POP Series 8","POP Série 8",override
1446,"POP Series 9","POP Série 9",override
1938,"Alternate Art Promos","Promos Illustration Alternative",derived
2289,"Blister Exclusives","Exclusivités Blister",derived
2175,"Burger King Promos","Promos Burger King",derived
2776,"First Partner Pack","Pack Premier Partenaire",derived
2374,"Miscellaneous Cards & Products","Cartes et Produits Divers",derived
2205,"Pikachu World Collection Promos","Promos Collection Mondiale Pikachu",derived
2332,"Professor Program Promos","Promos Programme Professeur",derived
24722,"ME: 30th Celebration","30e Anniversaire",pokepedia
